Keyword,Title,Company,Location,Salary,Tag,Posted
data science,DATA SCIENCE INTERNSHIP AT AHMEDABAD,Maxgen Technologies Private Limited,"Ahmedabad, Dahod, Surat",INR 3 - 5 LPA,Quick Apply,Posted a day ago
data science,Data Science Instructor,upGrad,"Aurangabad, India",,,Posted 13 days ago
data science,2025 Intern Media Data Science and Research Intern,Adobe,"Noida, India",,,Posted 11 days ago
data science,DATA SCIENCE INTERNSHIP AT PUNE,Maxgen Technologies Private Limited,,INR 1.5 - 3 LPA,Quick Apply,Posted 6 days ago
data science,Data Science Assoc Analyst,PepsiCo,"Hyderabad, India",,,Posted 4 days ago
data science,DATA SCIENCE ML INTERNSHIP PUNE,Maxgen Technologies Private Limited,,,Quick Apply,Posted 8 days ago
data science,DATA SCIENCE ML INTERNSHIP AHMEDABAD,Maxgen Technologies Private Limited,"Ahmedabad, Mehsana, Gandhinagar",INR 2.5 - 3 LPA,Quick Apply,Posted 8 days ago
data science,DATA SCIENCE ML INTERNSHIP,Maxgen Technologies Private Limited,"Ahmedabad, Rajkot, Bhavnagar",,Quick Apply,Posted 13 days ago
data science,DATA SCIENCE ML INTERNSHIP PUNE,Maxgen Technologies Private Limited,,INR 2.5 - 3.5 LPA,Quick Apply,Posted 13 days ago
data science,Data Science Trainer,Itvedant Education Pvt. Ltd.,"Mumbai, India",,,Posted 13 days ago
data science,Advanced Data Science Associate,ZS,"Pune, India",INR 15 - 15 LPA,,Posted 13 days ago
data science,Data Science Intern,Unified Mentor Private Limited,India,,,Posted 13 days ago
data science,Data Science Intern,"ARKRAY, Inc.","Pune, India",,,Posted 12 days ago
data science,Data Science,Acme Services,"Mumbai, India",,,Posted 13 days ago
data science,GEN AI Data Science Engineer,Gainwell Technologies,"Bengaluru, India",,,Posted 13 days ago
data science,Data Science Intern,Cadbury,"Thane, India",,,Posted 13 days ago
data science,Looking for Data science and BA Trainer,HRA Groups IT Services,India,,,Posted 13 days ago
data science,Data Science Faculty Instructor,FACE Prep,"Bengaluru, India",,,Posted 13 days ago
data science,Data Science Internship,CoreInsightsAI,India,,,Posted 13 days ago
data science,Data Science,Mount Talent Consulting,,,Quick Apply,Posted 18 days ago
data science,Technology Consulting Data Science Consultant,KPMG India,KPMG India,,,Posted 27 days ago
data science,DATA SCIENCE INTERNSHIP AHMEDABAD,Maxgen Technologies Private Limited,"Ahmedabad, Rajkot, Gandhinagar",,Quick Apply,Posted 29 days ago
data science,DATA SCIENCE Ml INTERNSHIP PUNE,Maxgen Technologies Private Limited,,,Quick Apply,Posted 22 days ago
data science,Data Science Trainer,Blitz Academy Pvt Ltd,"Bengaluru, India",,,Posted 25 days ago
data science,Senior Lead Clinical Data Science Programmer,ICON Strategic Solutions,India,,,Posted 27 days ago
data science,Data Science Analyst SQL Python,JPMorganChase,"Bengaluru, India",,,Posted 28 days ago
data science,Data Science Instructor Faculty,FACE Prep,"Bengaluru, India",,,Posted 29 days ago
data science,Data Science Contractor,EarnIn,"Bengaluru, India",,,Posted 29 days ago
data science,Data Science Instructor Faculty,FACE Prep,"Bengaluru, India",,,Posted 27 days ago
data science,Data Science Intern,Driffle,"Gurugram, Gurugram, India",,,Posted 28 days ago
data science,Data Scientist Data Science,Bristlecone,"Mumbai, India",,,Posted a month ago
data science,Data Science Trainer,upGrad,"Bhubaneswar, India",,,Posted 30 days ago
data science,Technology Consulting Data Science Senior Consultant,KPMG India,KPMG India,,,Posted a month ago
data science,Associate Manager Data Science,Merck Sharp Dohme Msd,,,Quick Apply,Posted a month ago
data science,Associate Specialist Data Science,Merck Sharp Dohme Msd,,,Quick Apply,Posted a month ago
data science,Assistant Manager Data Science,Merck Sharp Dohme Msd,,,Quick Apply,Posted a month ago
data science,Data Science Engineer,Intuitive Apps India Private Limited,Intuitive Apps India Private Limited,,Quick Apply,Posted a month ago
data science,DATA SCIENCE INTERNSHIP PUNE,Maxgen Technologies Private Limited,,INR 2 - 3.5 LPA,Quick Apply,Posted a month ago
data science,DATA SCIENCE INTERNSHIP AT PUNE,Maxgen Technologies Private Limited,,INR 2 - 4 LPA,Quick Apply,Posted a month ago
data science,DATA SCIENCE ML INTERNSHIP AT AHMEDABAD,Maxgen Technologies Private Limited,"Ahmedabad, Bhavnagar, Mehsana",INR 1.5 - 3 LPA,Quick Apply,Posted a month ago
data science,DATA SCIENCE ML INTERNSHIP PUNE,Maxgen Technologies Private Limited,,,Quick Apply,Posted a month ago
data science,DATA SCIENCE Ml INTERNSHIP IN PUNE,Maxgen Technologies Private Limited,,INR 0.5 - 1.5 LPA,Quick Apply,Posted a month ago
data science,Trainer for Data science,MITS Solution Private Limited,,INR 1.5 - 4 LPA,Quick Apply,Posted a month ago
data science,AI and Data Science Trainer,Right Human Skills And Resources Private Limited,,INR 1.5 - 2 LPA,Quick Apply,Posted a month ago
data science,DATA SCIENCE AI INTERNSHIP AT PUNE,Maxgen Technologies Private Limited,,INR 1 - 2 LPA,Quick Apply,Posted a month ago
data science,DATA SCIENCE PROJECT INTERNSHIP PUNE,Maxgen Technologies Private Limited,,INR 2.5 - 3.5 LPA,Quick Apply,Posted a month ago
data science,DATA SCIENCE INTERNSHIP,Maxgen Technologies Private Limited,,INR 1.5 - 2 LPA,Quick Apply,Posted a month ago
data science,DATA SCIENCE ML INTERNSHIP AHMEDABAD,Maxgen Technologies Private Limited,"Ahmedabad, Anand, Surat",INR 2.5 - 3 LPA,Quick Apply,Posted a month ago
data science,DATA SCIENCE INTERNSHIP AT AHMEDABAD,Maxgen Technologies Private Limited,"Ahmedabad, Surat, Gandhinagar",,Quick Apply,Posted a month ago
data science,DATA SCIENCE ML INTERNSHIP,Maxgen Technologies Private Limited,"Ahmedabad, Anand, Surat",,Quick Apply,Posted a month ago
data science,DATA SCIENCE Ml INTERNSHIP AT PUNE,Maxgen Technologies Private Limited,,INR 2 - 3.5 LPA,Quick Apply,Posted a month ago
data science,DATA SCIENCE ML INTERNSHIP AHMEDBAAD,Maxgen Technologies Private Limited,"Ahmedabad, Rajkot, Gandhinagar",INR 2 - 4 LPA,Quick Apply,Posted a month ago
data science,DATA SCIENCE INTERNSHIP IN AHMEDBAAD,Maxgen Technologies Private Limited,"Ahmedabad, Rajkot, Gandhinagar",INR 1.5 - 2.5 LPA,Quick Apply,Posted a month ago
data science,Lead Data science mentor Fulltime,"GUVI Geek Networks, IITM Research Park","Chennai, India",,,Posted a month ago
data science,Modelling Data Science Director,dentsu,"Delhi, India",,,Posted a month ago
data science,Modelling Data Science Director,dentsu,"Pune, India",,,Posted a month ago
data science,Data Science Trainer and Developer,OXI.AI Academy,"Coimbatore, India",,,Posted a month ago
data science,Data Science Mentor,Unified Mentor Private Limited,"Gurugram, Gurugram, India",,,Posted a month ago
data science,Data Science Associate Faculty,Innomatics Research Labs,"Bengaluru, India",,,Posted a month ago
data science,Mid Data Science AIML GenAI Lead Engineer,NTT DATA North America,"Bengaluru, India",,,Posted a month ago
data science,Data Science Manager,Jet2 Travel Technologies Pvt Ltd.,"Pune, India",,,Posted a month ago
data science,Modelling Data Science Manager,dentsu,"Bengaluru, India",,,Posted a month ago
data science,Data Science Instructor,inGrade,"Noida, India",,,Posted a month ago
data science,Architect Data Science GEN AI LLM NLP Conversational AI,Birdeye,India,,,Posted a month ago
data science,Data Science Trainer,SkillCircle™,"Delhi, India",,,Posted a month ago
data science,Lead Clinical Data Science Programmer,ICON Strategic Solutions,India,,,Posted a month ago
data science,Principal Clinical Data Science Programmer,ICON Strategic Solutions,India,,,Posted a month ago
data science,Data Science Trainer,Itvedant Education Pvt. Ltd.,"Pune, India",,,Posted a month ago
data science,Data Science Analyst,Ai Palette,"Bengaluru, India",,,Posted a month ago
data science,Data Science Specialist,GE Aerospace,"Bengaluru, India",,,Posted a month ago
data science,Modelling Data Science Executive,dentsu,"Delhi, India",,,Posted a month ago
data science,Tech and Data Science Intern,SoftSensor.ai,"Delhi, India",,,Posted a month ago
data science,Data Science Intern,HireFlex,India,,,Posted a month ago
data science,Data Science Intern,SkillFied Mentor,India,,,Posted a month ago
data science,Data Science Intern,Recruit Forge,India,,,Posted a month ago
data science,Data Science Intern,LaCie Seagate,India,,,Posted 30 days ago
data science,Sr Data Science AIML GenAI Lead Engineer,NTT DATA North America,"Bengaluru, India",,,Posted a month ago
data science,Modelling Data Science Director,dentsu,"Bengaluru, India",,,Posted a month ago
data science,Associate Specialist Data Science,MSD,"Pune, India",,,Posted a month ago
data science,Jigya Tech Fellowship Data Science and AI,Jigya,"Mumbai, India",,,Posted a month ago
data science,Data Science Trainer,Itvedant Education Pvt. Ltd.,"Thane, India",,,Posted a month ago
data science,Data Science Engineer,TechBulls SoftTech Pvt Ltd,"Pune, India",,,Posted a month ago
data science,Data Science Intern,WebBoost Solutions by UM,India,,,Posted a month ago
data science,data science trainer,Theta Academy,"Chandigarh, India",,,Posted a month ago
data science,Data Science Specialist R Python Statistical Analysis AI Ml 4 years of relevant experience,Cisco Meraki,"Bengaluru, India",,,Posted a month ago
data science,Data Science Internship,Discover Dollar Inc,"Bengaluru, India",,,Posted a month ago
data science,Manager Data Science,Novartis India,Novartis India,,,Posted a month ago
data science,Data Science Intern,Officebanao,"Gurugram, Gurugram, India",,,Posted a month ago
data science,Data science mentor Tamil Fulltime,"GUVI Geek Networks, IITM Research Park","Chennai, India",,,Posted a month ago
data science,Data Science Trainer,SkillCircle™,"Chandigarh, India",,,Posted a month ago
data science,Data Science Instructor,SkillCircle™,"Delhi, India",,,Posted a month ago
data science,Data Science Manager,Home Credit India,Home Credit India,,,Posted a month ago
data science,Modelling Data Science Manager,dentsu,"Delhi, India",,,Posted a month ago
data science,Senior Analyst Catastrophe Risk Data Science Risk Consultant,Verisk,"Hyderabad, India",,,Posted a month ago
data science,Data Science Instructor,Pickl.AI,"Gurugram, Gurugram, India",,,Posted a month ago
data science,Modelling Data Science Executive,dentsu,"Chennai, India",,,Posted a month ago
data science,Data Science Instructor Trainer,FACE Prep,"Bengaluru, India",,,Posted a month ago
data science,Full stack data science developer,Allianz Services,"Pune, India",,,Posted 30 days ago
data science,Data Science Intern,Sony Research India,Sony Research India,,,Posted a month ago
data science,Data Science Intern,ALLEN Digital,"Bengaluru, India",,,Posted a month ago
data science,Data science intern,EVERSANA,"Bengaluru, India",,,Posted a month ago
data science,Life Science Medical Reviewer Medical Data Medical Reviewer Medical Writer,Job World,,INR 3.5 - 35 LPA,Quick Apply,Posted a month ago
data science,PhD Data Partner Computer Science Asia,TELUS Digital,India,,,Posted a month ago
data science,Test Engineer,Equity Data Science (EDS),India,,,Posted a month ago
